{
  "configs": {
    "current": {
      "name": "Current Design",
      "n_channels": 8,
      "channel_width_mm": 2.0,
      "channel_height_mm": 0.5,
      "channel_length_mm": 300.0,
      "flow_ml_min": 5.0,
      "voltage_kv": 10.0,
      "frequency_khz": 20.0
    },
    "cantera_opt": {
      "name": "Cantera+Tangelo Optimized",
      "n_channels": 22,
      "channel_width_mm": 2.0,
      "channel_height_mm": 0.5,
      "channel_length_mm": 500.0,
      "flow_ml_min": 20.0,
      "voltage_kv": 13.2,
      "frequency_khz": 30.0
    },
    "parametric_opt": {
      "name": "Parametric Optimized",
      "n_channels": 16,
      "channel_width_mm": 2.0,
      "channel_height_mm": 0.5,
      "channel_length_mm": 500.0,
      "flow_ml_min": 15.0,
      "voltage_kv": 12.0,
      "frequency_khz": 30.0
    }
  },
  "cfd_results": {
    "current": {
      "flow": {
        "delta_p_Pa": 694.4444444444441,
        "Re": 9.039855072463768,
        "u_mean_m_s": 0.017421392746913577,
        "u_max_m_s": 0.025860821759259262,
        "u_profile_mid": [
          0.00415943287037037,
          0.011393229166666666,
          0.017180266203703703,
          0.02152054398148148,
          0.0244140625,
          0.025860821759259262,
          0.02586082175925926,
          0.024414062499999997,
          0.02152054398148148,
          0.017180266203703703,
          0.011393229166666675,
          0.004159432870370377,
          0.002021946534207822,
          0.00173309702932099,
          0.0014442475244341591,
          0.001155398019547327,
          0.0008665485146604951,
          0.0005776990097736635,
          0.0002888495048868315,
          -5.130997935630997e-19
        ],
        "v_mean": 0.01736111111111111
      },
      "species": {
        "OH_outlet_mol_m3": 0.8154509276444207,
        "C_org_outlet_mol_m3": 10.333551344486676,
        "CQD_outlet_mol_m3": 3708902602380.319,
        "precursor_conversion": 0.4833224327756662,
        "S_OH_interface_mol_m3_s": 1.6605778811026237,
        "k_oxid": 0.002346768454398474,
        "k_nucl": 2.9866287213803754e-12,
        "k_growth": 1451.5294541226463
      },
      "thermal": {
        "T_outlet_C": 20.201050420734987,
        "T_max_C": 20.4209954929309,
        "T_interface_C": 20.40242899677571,
        "T_inlet_C": 20.0,
        "Q_heat_W": 0.44999999999999996,
        "Q_vol_W_m3": 14999999.999999996
      },
      "rtd": {
        "t_mean_s": 16.692690890937,
        "t_variance_s2": 12.968181782304491,
        "Pe": 21.486892600518033,
        "dt": 0.025830311418685126,
        "n_steps": 2000,
        "method": "explicit_1D_Taylor"
      },
      "cqd": {
        "Re": 9.039855072463768,
        "delta_p_Pa": 694.4444444444441,
        "t_res_cfd_s": 16.692690890937,
        "Pe": 21.486892600518033,
        "T_max_C": 20.4209954929309,
        "T_outlet_C": 20.201050420734987,
        "precursor_conversion": 0.4833224327756662,
        "CQD_outlet_mol_m3": 3708902602380.319,
        "plasma_area_cm2": 48.0,
        "power_w": 12.0,
        "energy_density_j_ml": 144.0,
        "production_mg_h": 155.59103451078218,
        "concentration_mg_ml": 0.5186367817026072,
        "OH_cm3": 1e+16,
        "size_nm": 2.923393118874864,
        "gap_ev": 2.3494976463651556,
        "wavelength_nm": 527.7723950557561,
        "in_spec": false,
        "energy_factor": 0.3533133283586014,
        "residence_factor": 0.9730247757549843,
        "area_factor": 2.0,
        "radical_factor": 1.5,
        "cfd_boost": 1.241661216387833,
        "cooling_ok": true,
        "score": 0.42304925792957926
      }
    },
    "cantera_opt": {
      "flow": {
        "delta_p_Pa": 1683.5016835016827,
        "Re": 13.148880105401842,
        "u_mean_m_s": 0.02534020763187429,
        "u_max_m_s": 0.037615740740740734,
        "u_profile_mid": [
          0.006050084175084173,
          0.016571969696969693,
          0.024989478114478107,
          0.031302609427609415,
          0.03551136363636362,
          0.037615740740740734,
          0.037615740740740734,
          0.035511363636363626,
          0.031302609427609415,
          0.02498947811447811,
          0.016571969696969703,
          0.006050084175084183,
          0.0029410131406659226,
          0.002520868406285076,
          0.0021007236719042307,
          0.0016805789375233843,
          0.0012604342031425381,
          0.0008402894687616921,
          0.00042014473438084575,
          -7.463269724554175e-19
        ],
        "v_mean": 0.025252525252525245
      },
      "species": {
        "OH_outlet_mol_m3": 0.847933688425369,
        "C_org_outlet_mol_m3": 9.642779157827716,
        "CQD_outlet_mol_m3": 7880220304884.606,
        "precursor_conversion": 0.5178610421086142,
        "S_OH_interface_mol_m3_s": 1.6605778811026237,
        "k_oxid": 0.0023675122576968907,
        "k_nucl": 3.0130284450538796e-12,
        "k_growth": 1464.3599664050812
      },
      "thermal": {
        "T_outlet_C": 20.75608957157624,
        "T_max_C": 21.770798854903944,
        "T_interface_C": 21.45232882799837,
        "T_inlet_C": 20.0,
        "Q_heat_W": 1.9601999999999993,
        "Q_vol_W_m3": 39203999.99999998
      },
      "rtd": {
        "t_mean_s": 19.348843132816338,
        "t_variance_s2": 9.120874922581514,
        "Pe": 41.046252004996525,
        "dt": 0.029597231833910043,
        "n_steps": 2000,
        "method": "explicit_1D_Taylor"
      },
      "cqd": {
        "Re": 13.148880105401842,
        "delta_p_Pa": 1683.5016835016827,
        "t_res_cfd_s": 19.348843132816338,
        "Pe": 41.046252004996525,
        "T_max_C": 21.770798854903944,
        "T_outlet_C": 20.75608957157624,
        "precursor_conversion": 0.5178610421086142,
        "CQD_outlet_mol_m3": 7880220304884.606,
        "plasma_area_cm2": 220.0,
        "power_w": 143.74799999999993,
        "energy_density_j_ml": 431.2439999999998,
        "production_mg_h": 1826.4230520705605,
        "concentration_mg_ml": 1.5220192100588004,
        "OH_cm3": 1e+16,
        "size_nm": 2.5093626325064444,
        "gap_ev": 2.652948125735795,
        "wavelength_nm": 467.4045406206675,
        "in_spec": true,
        "energy_factor": 0.9960988788213669,
        "residence_factor": 0.9989405484512955,
        "area_factor": 2.0,
        "radical_factor": 1.5,
        "cfd_boost": 1.2589305210543071,
        "cooling_ok": true,
        "score": 0.9276590151322099
      }
    },
    "parametric_opt": {
      "flow": {
        "delta_p_Pa": 1736.1111111111106,
        "Re": 13.55978260869565,
        "u_mean_m_s": 0.026132089120370367,
        "u_max_m_s": 0.03879123263888888,
        "u_profile_mid": [
          0.006239149305555554,
          0.017089843749999997,
          0.02577039930555555,
          0.03228081597222222,
          0.03662109374999999,
          0.03879123263888888,
          0.03879123263888888,
          0.03662109374999999,
          0.03228081597222221,
          0.025770399305555556,
          0.01708984375000001,
          0.006239149305555565,
          0.0030329198013117325,
          0.0025996455439814855,
          0.002166371286651238,
          0.0017330970293209901,
          0.0012998227719907428,
          0.0008665485146604951,
          0.0004332742573302472,
          -7.696496903446493e-19
        ],
        "v_mean": 0.02604166666666666
      },
      "species": {
        "OH_outlet_mol_m3": 0.84101887390118,
        "C_org_outlet_mol_m3": 9.803569051427083,
        "CQD_outlet_mol_m3": 6600066163670.727,
        "precursor_conversion": 0.5098215474286458,
        "S_OH_interface_mol_m3_s": 1.6605778811026237,
        "k_oxid": 0.0023590406929265514,
        "k_nucl": 3.002247058159592e-12,
        "k_growth": 1459.120111674805
      },
      "thermal": {
        "T_outlet_C": 20.599069509668084,
        "T_max_C": 21.334568674793672,
        "T_interface_C": 21.156542665157247,
        "T_inlet_C": 20.0,
        "Q_heat_W": 1.62,